date,Meal,Calories,Carbohydrates,Fat,Saturated Fat,Protein,Sodium,Sugar,Food,url,id,Ingredients
04/20/2020,Breakfast,395.0,3.7,34.6,17.1,17.6,0.4317,1.2,Hearty Egg Casserole,http://www.food.com/recipe/hearty-egg-casserole-374137,006d5642fc,"[{'text': '1 lb pork sausage'}, {'text': '12 cup onion, chopped'}, {'text': '1 12 cups cheddar cheese, shredded, divided'}, {'text': '1 (10 ounce) package frozen chopped spinach, thawed and well drained'}, {'text': '1 (4 1/2 ounce) jar sliced mushrooms, drained'}, {'text': '12 eggs'}, {'text': '2 cups heavy cream'}, {'text': '14 teaspoon ground nutmeg'}]"
04/20/2020,Lunch,493.5,29.5,31.2,10.5,22.9,1.3671,5.1,Hot Corned Beef Buns,http://www.food.com/recipe/hot-corned-beef-buns-114225,0004c0a2a8,"[{'text': '1 lb leftover chopped corned beef'}, {'text': '1 cup shredded cheddar cheese'}, {'text': '2 tablespoons dried onion flakes'}, {'text': '1 tablespoon dill or 1 tablespoon sweet relish'}, {'text': '23 cup mayonnaise'}, {'text': '6 hamburger buns, buttered and toasted'}]"
04/20/2020,Dinner,136.1,16.2,4.7,1.4,6.6,1.6322999999999999,0.5,Jeanne Bice's Amazing Gravy,http://www.food.com/recipe/jeanne-bices-amazing-gravy-439173,007bb87f8a,"[{'text': ""2 cups chicken broth (homemade or Swanson's suggested)""}, {'text': '6 (10 ounce) jarspre-made turkey gravy'}, {'text': 'turkey drippings (all of the drippings from the roasting turkey)'}, {'text': 'dry sherry, as needed, cognac may be substituted (some for the cook, too, Jeanne suggests!)'}, {'text': '4 (1 ounce) packetsof dry turkey gravy mix'}, {'text': 'salt and pepper'}]"
04/21/2020,Breakfast,317.6,42.9,14.7,5.7,6.1,0.24980000000000002,24.6,Chocolate Cherry Lactation Bars,http://www.food.com/recipe/chocolate-cherry-lactation-bars-462898,000e080daa,"[{'text': '1 cup butter'}, {'text': '1 cup almond butter'}, {'text': '1 cup sugar'}, {'text': '2 cups brown sugar'}, {'text': '4 eggs'}, {'text': '1 tablespoon vanilla'}, {'text': '1 teaspoon salt'}, {'text': '2 teaspoons baking soda'}, {'text': '2 12 cups flour'}, {'text': '12 cup wheat germ'}, {'text': ""14 cup brewer's yeast""}, {'text': '14 cup flax seed meal'}, {'text': '4 cups old-fashioned oatmeal'}, {'text': '1 cup dark chocolate chips'}, {'text': '1 cup dried cherries'}]"
04/21/2020,Lunch,199.6,1.2,15.1,9.7,14.6,0.4982,0.3,"Provoletta (Low Carb, High Protein)",http://www.food.com/recipe/provoletta-low-carb-high-protein-127280,005b0effbb,"[{'text': '12 lb provolone cheese'}, {'text': 'olive oil, to coat'}, {'text': 'oregano or marjoram or sage, to taste'}, {'text': 'pepper, to taste'}]"
04/21/2020,Dinner,306.6,11.9,28.4,17.0,2.0,0.0247,9.9,Amaretto Truffles,http://www.food.com/recipe/amaretto-truffles-235748,006430acd6,"[{'text': '4 tablespoons unsalted butter'}, {'text': '14 cup whipping cream'}, {'text': '4 tablespoons Amaretto'}, {'text': '1 (12 ounce) package milk chocolate chips'}, {'text': 'pecans, ground'}]"
04/22/2020,Breakfast,263.9,34.3,11.6,6.8,5.7,0.3054,9.1,Oat and Cherry Scones (Gift Mix in a Jar),http://www.food.com/recipe/oat-and-cherry-scones-gift-mix-in-a-jar-254000,005b741ddb,"[{'text': '2 12 cups flour'}, {'text': '12 teaspoon salt'}, {'text': '12 teaspoon baking soda'}, {'text': '2 teaspoons baking powder'}, {'text': '1 cup instant oats'}, {'text': '12 cup brown sugar, packed'}, {'text': '1 cup dried cherries'}, {'text': '10 tablespoons butter, melted'}, {'text': '23 cup milk'}, {'text': '2 eggs'}, {'text': '1 teaspoon vanilla extract'}, {'text': '1 egg white'}, {'text': '3 tablespoons water'}]"
04/22/2020,Lunch,490.1,34.8,29.5,8.8,22.5,1.7098,0.8,Black Russian (Grilled Cheese),http://www.food.com/recipe/black-russian-grilled-cheese-511185,007cb4d5bb,"[{'text': '12 cup mustard'}, {'text': '1 tablespoon chopped fresh parsley'}, {'text': '1 teaspoon grated lemon zest'}, {'text': '8 slices pumpernickel bread'}, {'text': '14 cup olive oil'}, {'text': '8 ounces black forest ham'}, {'text': '1 cup lettuce leaf'}, {'text': '4 ounces cracked pepper brie cheese'}]"
04/22/2020,Dinner,56.6,11.3,1.2,0.1,1.9,0.0412,4.7,Tex-Mex Caponata,http://www.food.com/recipe/tex-mex-caponata-28602,0002491373,"[{'text': 'nonstick cooking spray'}, {'text': '1 green pepper, chopped'}, {'text': '1 red pepper, chopped'}, {'text': '1 yellow pepper, chopped'}, {'text': '1 red onion, chopped'}, {'text': '3 cloves garlic, peeled'}, {'text': '1 14 lbs eggplants, cubed'}, {'text': '1 -2 jalapeno pepper, seeded and minced'}, {'text': '14 cup chopped cilantro leaf'}, {'text': '1 tablespoon drained capers'}, {'text': '1 tablespoon dried currant'}, {'text': '1 tablespoon chopped pine nuts'}, {'text': '1 tablespoon red wine vinegar'}, {'text': '1 teaspoon morton lite salt'}, {'text': 'fresh ground black pepper'}]"
04/23/2020,Breakfast,117.8,18.7,3.4,1.9,3.1,0.1293,6.1,Gingerbread Pancakes,http://www.food.com/recipe/gingerbread-pancakes-108806,0031d0481d,"[{'text': '3 eggs'}, {'text': '12 cup light brown sugar'}, {'text': '1 cup buttermilk'}, {'text': '12 cup water'}, {'text': '14 cup brewed coffee'}, {'text': '2 12 cups all-purpose white flour'}, {'text': '12 teaspoon baking powder'}, {'text': '14 teaspoon baking soda'}, {'text': '12 teaspoon salt'}, {'text': '1 teaspoon ground cloves'}, {'text': '1 tablespoon ground cinnamon'}, {'text': '1 tablespoon ground ginger'}, {'text': '1 tablespoon ground nutmeg'}, {'text': '4 tablespoons butter, melted'}]"
04/23/2020,Lunch,361.1,22.9,23.7,11.6,14.9,1.3569,2.2,American Chowder,http://www.food.com/recipe/american-chowder-69233,006a0a625b,"[{'text': '1 large onion, sliced'}, {'text': '2 tablespoons butter or 2 tablespoons margarine'}, {'text': '4 cups potatoes, cubed'}, {'text': '2 cups cold water'}, {'text': '1 cup celery, sliced'}, {'text': '2 teaspoons salt'}, {'text': '14 teaspoon pepper'}, {'text': '2 cups milk'}, {'text': '2 tablespoons flour'}, {'text': '1 (12 ounce) package Little Smokies sausages or 1 (12 ounce) package hot dogs, sliced'}, {'text': '12 lb American cheese, cubed'}]"
04/23/2020,Dinner,232.5,62.8,0.3,0.0,1.1,0.0050999999999999995,49.6,Poached Pears with Grand Marnier Custard Sauce,http://www.food.com/recipe/poached-pears-with-grand-marnier-custard-sauce-62184,0058a31566,"[{'text': '2 large lemons'}, {'text': '6 slightly underripe pears'}, {'text': '3 cups cold water'}, {'text': '1 cup sugar'}, {'text': '12 inch vanilla bean'}, {'text': 'thin strips orange zest'}, {'text': 'grand marnier custard, sauce (recipe is in my cookbook)'}]"
04/24/2020,Breakfast,219.0,34.6,8.8,5.0,3.9,0.09409999999999999,12.8,Oatmeal Fiber One Berry Breakfast Bars,http://www.food.com/recipe/oatmeal-fiber-one-berry-breakfast-bars-387628,00599fe652,"[{'text': '1 cup flour'}, {'text': '13 cup brown sugar, firmly packed'}, {'text': '12 cup butter, cold and cut into small cubes'}, {'text': '1 12 cups quick-cooking rolled oats'}, {'text': '2 tablespoons orange juice'}, {'text': '1 cup Fiber One cereal'}, {'text': '14 cup brown sugar, firmly packed'}, {'text': '2 tablespoons flour'}, {'text': '1 pinch salt'}, {'text': '3 12 cups blackberries (or 18 ounce of any kind of Berry)'}, {'text': '1 tablespoon lemon juice'}]"
04/24/2020,Lunch,148.1,16.1,8.0,3.0,3.3,0.2044,2.7,Chilled Vegetable Pizza Appetizer,http://www.food.com/recipe/chilled-vegetable-pizza-appetizer-198050,000c4d4523,"[{'text': '2 (8 ounce) cans refrigerated crescent dinner rolls'}, {'text': '1 (8 ounce) package cream cheese, softened'}, {'text': '0.5 (4 ounce) package dry ranch dressing mix'}, {'text': '23 cup mayonnaise'}, {'text': '12 teaspoon garlic powder'}, {'text': '12 teaspoon season salt'}, {'text': '12 teaspoon dill'}, {'text': '1 cup finely chopped onion'}, {'text': '1 cup finely chopped broccoli'}, {'text': '1 cup finely chopped cauliflower'}, {'text': '1 cup finely chopped carrot'}]"
04/24/2020,Dinner,1250.7,11.7,93.7,42.1,88.6,0.3865,0.7,Chili and Pepper Buttered Steak,http://www.food.com/recipe/chili-and-pepper-buttered-steak-355191,002cef6559,"[{'text': '2 ounces butter, softened'}, {'text': '12 red chili pepper, chopped'}, {'text': '12 teaspoon coarse grain mustard'}, {'text': '1 teaspoon peppercorn, crushed'}, {'text': '2 sirloin steaks (6oz each, trimmed)'}]"
04/25/2020,Breakfast,245.5,36.9,6.6,2.4,9.8,0.4077,7.3,Banana French Toast,http://www.food.com/recipe/banana-french-toast-74386,004205a8a0,"[{'text': '2 eggs'}, {'text': '12 cup milk'}, {'text': '34 teaspoon cinnamon'}, {'text': '14 teaspoon vanilla'}, {'text': '1 banana, sliced'}, {'text': '6 slices bread'}]"
04/25/2020,Lunch,702.1,19.2,51.6,25.7,40.1,0.7797000000000001,3.9,Dagwood's Pork Sandwich,http://www.food.com/recipe/dagwoods-pork-sandwich-127046,000e97a7b1,"[{'text': '2 Italian rolls, 8-inch sliced in half lengthwise'}, {'text': '3 tablespoons butter or 3 tablespoons margarine, softened'}, {'text': '1 lb ground pork'}, {'text': '12 cup minced onion'}, {'text': '1 garlic clove, minced'}, {'text': '12 cup sliced celery'}, {'text': '1 cup sour cream'}, {'text': '1 teaspoon dried dill weed'}, {'text': '12 teaspoon salt'}, {'text': '3 drops hot pepper sauce'}, {'text': '2 firm tomatoes, sliced'}, {'text': '1 green bell pepper, cut into thin rings'}, {'text': '1 cup shredded mozzarella cheese'}]"
04/25/2020,Dinner,475.4,32.9,26.1,6.3,26.5,1.0094,3.6,Chicken Scaloppine With Lemon Glaze,http://www.food.com/recipe/chicken-scaloppine-with-lemon-glaze-477224,007f84a343,"[{'text': '4 boneless chicken thighs'}, {'text': '2 tablespoons dijon horseradish mustard'}, {'text': '2 eggs'}, {'text': '1 12 cups panko breadcrumbs, breading'}, {'text': '2 tablespoons olive oil'}, {'text': '1 teaspoon garlic powder'}, {'text': '1 teaspoon natures seasoning'}, {'text': '1 cup chicken broth'}, {'text': '6 tablespoons lemon juice'}, {'text': '12 teaspoon salt'}, {'text': '12 teaspoon garlic salt'}, {'text': '4 lemon slices'}, {'text': '2 tablespoons capers'}, {'text': 'fresh parsley'}]"
04/26/2020,Breakfast,463.5,27.2,32.7,18.4,14.9,0.485,0.4,Hootenanny Pancakes,http://www.food.com/recipe/hootenanny-pancakes-157638,001160531e,"[{'text': '12 cup butter or 12 cup margarine'}, {'text': '6 eggs'}, {'text': '1 cup milk'}, {'text': '14 teaspoon salt'}, {'text': '1 cup flour'}]"
04/26/2020,Lunch,385.6,26.2,31.3,19.6,2.1,0.5037,3.5,Pretzel Cereal Snack,http://www.food.com/recipe/pretzel-cereal-snack-123687,005cb1d54d,"[{'text': '12 cup butter or 12 cup margarine'}, {'text': '1 teaspoon Worcestershire sauce'}, {'text': '1 teaspoon garlic salt'}, {'text': '12 teaspoon celery salt'}, {'text': '4 cups Kix cereal or 4 cups puffed corn cereal'}, {'text': '2 cups pretzel sticks'}, {'text': '1 cup mixed nuts (optional)'}]"
04/26/2020,Dinner,550.4,10.6,22.1,3.3,78.6,0.4137,4.1,Shrimp Terreni,http://www.food.com/recipe/shrimp-terreni-60007,0043e6d8c5,"[{'text': '1 cup green peas'}, {'text': '1 zucchini'}, {'text': '12 onion'}, {'text': '12 yellow bell pepper'}, {'text': '12 red bell pepper'}, {'text': '24 shrimp, per cooked'}, {'text': '36 ounces vegetable broth, fresh or canned'}, {'text': '8 ounces gelatin'}, {'text': '6 tablespoons olive oil'}, {'text': 'salt and pepper'}]"
04/27/2020,Breakfast,163.2,1.3,14.3,7.6,7.4,0.2022,0.3,Cynthias Crustless Quiche Muffins,http://www.food.com/recipe/cynthias-crustless-quiche-muffins-63602,0053678dbb,"[{'text': '4 eggs'}, {'text': '1 cup heavy cream'}, {'text': '1 cup swiss cheese (or whatever type of cheese you prefer)'}, {'text': '10 slices cooked bacon, crumbled (or sausage)'}, {'text': 'salt and black pepper'}, {'text': '1 dash nutmeg, to taste'}, {'text': 'onion (saute in butter first) (optional)'}, {'text': 'broccoli (saute with the onions until soft, but not soggy) (optional)'}, {'text': 'asparagus (optional)'}, {'text': 'spinach (be sure to drain well if using frozen) (optional)'}, {'text': 'various other seasonings and spices (Garlic is particularly good in this dish.) (optional)'}]"
04/27/2020,Lunch,312.4,52.9,11.9,8.9,2.6,0.22619999999999998,45.8,Easy Fruit Salad,http://www.food.com/recipe/easy-fruit-salad-269628,0041e52c09,"[{'text': '1 (15 ounce) can crushed pineapple (not drained)'}, {'text': '1 (15 ounce) can pineapple tidbits (drained)'}, {'text': '2 (15 ounce) cans mandarin oranges (drained)'}, {'text': '1 (15 ounce) cansliced yellow cling peaches, cut into bite sized pieces (drained)'}, {'text': '1 quart fresh strawberry, cut into bite sized pieces'}, {'text': '2 cups fresh grapes (any color-seedless)'}, {'text': '1 (12 ounce) container Cool Whip (I use the extra creamy)'}, {'text': '1 (8 ounce) carton sour cream'}, {'text': '2 (3 ounce) cartons vanilla instant pudding mix'}]"
04/27/2020,Dinner,207.5,34.2,7.9,1.1,6.9,0.5161,13.9,Hunan Eggplant,http://www.food.com/recipe/hunan-eggplant-332382,006c623ec8,"[{'text': '2 tablespoons vegetable oil'}, {'text': '2 ounces zha cai, minced, drained well to get rid of excess fermenting liquid (pickled mustard tubers)'}, {'text': '2 tablespoons dried shrimp, minced'}, {'text': '14 cup chili bean sauce'}, {'text': '3 green onions, white parts only, thinly sliced'}, {'text': '1 teaspoon minced ginger or 1 teaspoon grated ginger'}, {'text': '4 garlic cloves, minced or 4 garlic cloves, pressed'}, {'text': '4 Japanese eggplants or 4 Chinese eggplants'}, {'text': '2 tablespoons soy sauce (more to taste)'}, {'text': '12 teaspoon sugar'}, {'text': 'white pepper'}, {'text': 'salt'}, {'text': 'green onion, green part, thinly sliced, garnish (optional)'}]"
04/28/2020,Breakfast,236.8,31.0,10.8,2.7,6.2,0.0269,8.4,Chocolate and Cherries Granola,http://www.food.com/recipe/chocolate-and-cherries-granola-217758,005fd8dc4b,"[{'text': '5 cups oats'}, {'text': '1 cup pecans'}, {'text': '12 cup coconut'}, {'text': '12 cup wheat germ (optional)'}, {'text': '14 cup brown sugar'}, {'text': '14 teaspoon salt'}, {'text': '13 cup oil'}, {'text': '13 cup water'}, {'text': '13 cup honey'}, {'text': '12 teaspoon vanilla'}, {'text': '12-1 cup mini chocolate chip'}, {'text': '12-1 cup dried cherries'}]"
04/28/2020,Lunch,170.1,13.9,9.7,1.2,9.4,0.8081,5.9,Avocado Turkey Wraps,http://www.food.com/recipe/avocado-turkey-wraps-161167,00775de02d,"[{'text': '2 (8 inch) whole wheat tortillas, warmed'}, {'text': '2 tablespoons fat-free mayonnaise'}, {'text': '14 lb thinly sliced deli turkey'}, {'text': '8 slices tomatoes, thin slices'}, {'text': '2 teaspoons finely chopped jalapeno peppers'}, {'text': '14 cup shredded reduced-fat cheddar cheese'}, {'text': '2 teaspoons minced fresh cilantro'}, {'text': '12 medium ripe avocado, peeled and thinly sliced'}]"
04/28/2020,Dinner,143.4,3.0,3.4,0.9,25.6,0.3635,1.6,Sorrel Encrusted Tilapia,http://www.food.com/recipe/sorrel-encrusted-tilapia-244467,0033200fb6,"[{'text': '4 tilapia fillets'}, {'text': '2 cups fresh sorrel leaves'}, {'text': '1 small onion (diced)'}, {'text': '12 teaspoon salt'}, {'text': '12 teaspoon chili powder'}, {'text': '1 tomatoes (diced)'}, {'text': '1 teaspoon olive oil'}]"
04/29/2020,Breakfast,628.7,93.9,24.3,12.2,10.1,0.4052,64.3,Cheesecake Cookie Bread Pudding....with Caramel Sauce,http://www.food.com/recipe/cheesecake-cookie-bread-pudding-hellip-with-caramel-sauce-480069,0070daf4ea,"[{'text': '1 12 cups granulated sugar'}, {'text': '5 large eggs'}, {'text': '1 cup whole milk'}, {'text': '1 cup heavy cream'}, {'text': '2 teaspoons pure vanilla extract'}, {'text': '5 cups bread, cut into 1/2 inch cubes'}, {'text': '9 12 ounces keebler cheesecake middle graham crackers'}, {'text': '12 cup packed light brown sugar'}, {'text': '1 tablespoon water'}, {'text': '2 tablespoons butter'}, {'text': '3 tablespoons heavy cream'}]"
04/29/2020,Lunch,72.6,18.6,0.1,0.0,0.4,0.1715,17.4,Lemon Pork Chops,http://www.food.com/recipe/lemon-pork-chops-53371,0053d18340,"[{'text': '4 pork loin chops or 4 pork chops, about 3/4 inch thick'}, {'text': 'salt'}, {'text': '4 slices onions, thin'}, {'text': '4 slices lemons, thin'}, {'text': '4 tablespoons packed brown sugar'}, {'text': '4 tablespoons ketchup'}]"
04/29/2020,Dinner,862.6,73.9,41.2,19.3,48.5,2.0337,9.1,Easy Enchiladas,http://www.food.com/recipe/easy-enchiladas-19092,006301c04d,"[{'text': '1 lb lean ground beef'}, {'text': '12 cup onion, chopped'}, {'text': '2 cups shredded cheddar cheese or 2 cups monterey jack cheese'}, {'text': '8 8-inch flour tortillas'}, {'text': '1 cup condensed tomato soup'}, {'text': '1 cup condensed cream of mushroom soup'}, {'text': '1 cup salsa'}]"
04/30/2020,Breakfast,225.0,33.3,9.3,5.4,4.9,0.2832,15.3,Bran Muffins,http://www.food.com/recipe/bran-muffins-176507,00648c5911,"[{'text': '1 14 cups all-purpose flour'}, {'text': '14 cup whole wheat flour'}, {'text': '1 14 teaspoons baking powder'}, {'text': '12 teaspoon baking soda'}, {'text': '34 teaspoon table salt'}, {'text': '1 14 teaspoons ground cinnamon'}, {'text': '34 teaspoon ground allspice'}, {'text': '12 teaspoon nutmeg, freshly ground'}, {'text': '7 tablespoons unsalted butter, softened'}, {'text': '12 cup dark brown sugar, plus'}, {'text': '2 tablespoons brown sugar'}, {'text': '2 large eggs'}, {'text': '2 12 teaspoons vanilla extract'}, {'text': '3 tablespoons unsulphured molasses'}, {'text': '14 cup sour cream'}, {'text': '1 cup buttermilk, plus'}, {'text': '3 tablespoons buttermilk'}, {'text': '1 12 cups wheat bran'}]"
04/30/2020,Lunch,58.1,4.9,2.6,1.4,2.9,0.052,1.1,Rum and Ricotta Fritters a La Lucana,http://www.food.com/recipe/rum-and-ricotta-fritters-a-la-lucana-326152,0065433825,"[{'text': '18 ounces whole milk ricotta cheese'}, {'text': '5 eggs, separated'}, {'text': '14 cup dark rum (we used Barbancourt)'}, {'text': '12 teaspoon vanilla'}, {'text': '2 tablespoons honey'}, {'text': '1 14 cups all-purpose flour'}, {'text': '3 teaspoons baking powder'}, {'text': 'peanut oil (for cooking)'}]"
04/30/2020,Dinner,328.9,66.5,4.2,1.7,8.7,0.0712,28.6,West African Banana Fritters,http://www.food.com/recipe/west-african-banana-fritters-456447,00195713fa,"[{'text': '2 eggs, lightly beaten'}, {'text': '12 cup cold milk'}, {'text': '3 tablespoons light brown sugar'}, {'text': '1 cup flour'}, {'text': '1 pinch baking soda'}, {'text': '4 ripe bananas, sliced diagonally into 1/4-inch pieces'}, {'text': ""2 tablespoons confectioners' sugar""}, {'text': 'peanut oil, for frying'}]"
05/01/2020,Breakfast,171.9,37.5,1.2,0.6,5.7,0.065,23.8,Chocolate Banana Protein Shake,http://www.food.com/recipe/chocolate-banana-protein-shake-472860,00820692bd,"[{'text': '14 cup 1% low-fat chocolate milk'}, {'text': '14 cup nonfat milk'}, {'text': '1 teaspoon cocoa'}, {'text': '1 scoop vanilla whey protein powder'}, {'text': '1 banana'}, {'text': 'ice'}]"
05/01/2020,Lunch,383.6,9.7,22.2,7.5,34.9,0.384,4.1,BBQ Chicken Salad,http://www.food.com/recipe/bbq-chicken-salad-131454,0043b82f25,"[{'text': '2 chicken breasts'}, {'text': '4 cups mixed salad greens (I like spinach and romaine)'}, {'text': '14 cup chopped red onion'}, {'text': '14 cup chopped cucumber'}, {'text': '1 chopped tomato'}, {'text': '2 tablespoons chopped bacon (bacon bits)'}, {'text': '14 cup grated cheddar cheese'}, {'text': '1 12 tablespoons mayonnaise'}, {'text': ""2 tablespoons barbecue sauce (I like Sweet Baby Ray's Honey BBQ)""}, {'text': '1 tablespoon apple cider vinegar'}, {'text': 'salt and pepper'}]"
05/01/2020,Dinner,34.8,0.0,0.0,0.0,0.0,0.0,0.0,Miles Of Smiles,http://www.food.com/recipe/miles-of-smiles-15557,007cb091c8,"[{'text': '60 ml Canadian Club whisky'}, {'text': '60 ml peppermint schnapps'}, {'text': '60 ml Amaretto'}]"
05/02/2020,Breakfast,1018.4,64.5,64.7,24.7,41.9,2.1841999999999997,5.5,Sausage Rolls,http://www.food.com/recipe/sausage-rolls-121361,0040aa3b23,"[{'text': '3 (8 ounce) packages crescent rolls'}, {'text': '2 lbs sausage, fried and crumbled'}, {'text': '14 lb swiss cheese'}, {'text': '14 lb cheddar cheese'}, {'text': '3 eggs'}, {'text': '1 teaspoon oregano'}, {'text': '1 teaspoon garlic powder'}, {'text': 'parmesan cheese, to taste'}]"
05/02/2020,Lunch,458.4,23.6,28.0,8.3,26.6,1.0072,4.0,Asian-Style Hamburgers,http://www.food.com/recipe/asian-style-hamburgers-279705,00540bbbdc,"[{'text': '1 12 lbs ground beef'}, {'text': '14 cup vegetable oil'}, {'text': '14 cup soy sauce'}, {'text': '2 tablespoons ketchup'}, {'text': '1 tablespoon white vinegar'}, {'text': '2 garlic cloves, minced'}, {'text': '14 teaspoon pepper'}, {'text': '6 hamburger buns, split'}, {'text': '6 leaves lettuce, and (optional)'}, {'text': 'tomatoes, slices (optional)'}]"
05/02/2020,Dinner,117.0,19.2,3.7,1.1,5.4,0.0888,7.9,Brussels Sprouts With Bacon and Apple,http://www.food.com/recipe/brussels-sprouts-with-bacon-and-apple-184255,002e397368,"[{'text': '3 slices bacon, cut into 1/4-inch pieces'}, {'text': '4 pints Brussels sprouts, ends trimmed and halved'}, {'text': 'salt'}, {'text': 'pepper'}, {'text': '1 apple, cored and cut into 1/4-inch pieces'}, {'text': '2 teaspoons red wine vinegar'}]"
05/03/2020,Breakfast,798.3,6.5,62.9,33.7,50.9,1.5685,2.1,Ham and Swiss Frittata,http://www.food.com/recipe/ham-and-swiss-frittata-55071,0023c7121f,"[{'text': '12 cup diced ham'}, {'text': '2 slices swiss cheese'}, {'text': '3 eggs'}, {'text': '2 tablespoons sour cream'}, {'text': '12 teaspoon chili powder'}, {'text': '12 teaspoon paprika'}, {'text': 'salt and pepper'}, {'text': '2 tablespoons butter'}]"
05/03/2020,Lunch,571.3,66.9,29.5,2.6,16.6,1.5048,3.1,Chickpeas With Creamy Lemon Pecan Sauce,http://www.food.com/recipe/chickpeas-with-creamy-lemon-pecan-sauce-352568,0064e2430b,"[{'text': '2 cups cooked chickpeas (or 1 can chickpeas, drained )'}, {'text': '23 cup pecans'}, {'text': '1 tablespoon chickpea miso'}, {'text': '2 lemons, juice of, small'}, {'text': '12 cup roasted red pepper, chopped into small pieces'}]"
05/03/2020,Dinner,0.0,0.0,0.0,0.0,0.0,0.0,0.0,Catalina Margarita,http://www.food.com/recipe/catalina-margarita-293478,006fe42498,"[{'text': '1 12 ounces tequila'}, {'text': '1 ounce peach schnapps'}, {'text': '1 ounce blue curacao'}, {'text': '4 ounces sour mix'}]"
05/04/2020,Breakfast,244.5,54.0,1.9,0.5,6.8,3.5437,2.8,Hash Browns Like No Other,http://www.food.com/recipe/hash-browns-like-no-other-297079,006095ecb6,"[{'text': '2 cups frozen hash brown potatoes'}, {'text': '1 tablespoon sea salt'}, {'text': '1 tablespoon ground black pepper'}, {'text': '1 tablespoon paprika'}, {'text': '1 garlic clove, minced'}, {'text': '1 white onion, chopped'}, {'text': '12 cup shallot, diced'}, {'text': '2 tablespoons bacon bits'}, {'text': '14 cup tallow'}]"
05/04/2020,Lunch,862.6,73.9,41.2,19.3,48.5,2.0337,9.1,Easy Enchiladas,http://www.food.com/recipe/easy-enchiladas-19092,006301c04d,"[{'text': '1 lb lean ground beef'}, {'text': '12 cup onion, chopped'}, {'text': '2 cups shredded cheddar cheese or 2 cups monterey jack cheese'}, {'text': '8 8-inch flour tortillas'}, {'text': '1 cup condensed tomato soup'}, {'text': '1 cup condensed cream of mushroom soup'}, {'text': '1 cup salsa'}]"
05/04/2020,Dinner,404.2,28.7,27.3,16.0,5.9,0.0593,17.2,Strawberry Custard Cake,http://www.food.com/recipe/strawberry-custard-cake-457799,004ecc20aa,"[{'text': '1 (10 inch) sponge cakes'}, {'text': '4 pints fresh strawberries'}, {'text': '13 cup sugar'}, {'text': '2 cups milk'}, {'text': '5 egg yolks'}, {'text': '1 vanilla bean, cut in two lengthwise'}, {'text': '2 tablespoons cornstarch'}, {'text': '12 cup dark rum'}, {'text': '2 cups whipping cream'}]"
05/05/2020,Breakfast,389.5,89.8,5.3,2.7,4.1,0.035,69.5,Baked Apples with Oatmeal and Brown Sugar,http://www.food.com/recipe/baked-apples-with-oatmeal-and-brown-sugar-73616,007e011c3b,"[{'text': '1 lemon, cut in half'}, {'text': '4 large red apples'}, {'text': '34 cup honey'}, {'text': '1 teaspoon cinnamon'}, {'text': '4 teaspoons butter'}, {'text': '1 cup oatmeal'}, {'text': '2 tablespoons light brown sugar'}, {'text': 'whipped cream, optional'}]"
05/05/2020,Lunch,160.1,37.0,0.5,0.1,1.3,0.0177,29.8,Cape Malay Pickled Fish,http://www.food.com/recipe/cape-malay-pickled-fish-173637,004291fdbf,"[{'text': '2 lbs yellowtail fish fillets, scaled and fileted, skin left on'}, {'text': '5 garlic cloves, chopped'}, {'text': '2 large onions, sliced in rings'}, {'text': 'kosher salt'}, {'text': '1 cup vinegar'}, {'text': '12 cup water'}, {'text': '12 cup brown sugar'}, {'text': '8 peppercorns'}, {'text': '4 cloves'}, {'text': '4 allspice berries'}, {'text': '2 bay leaves'}, {'text': '1 tablespoon masala (curry powder)'}, {'text': '2 teaspoons ground cumin'}, {'text': '2 teaspoons ground coriander'}, {'text': '1 teaspoon turmeric'}, {'text': 'oil, as needed for frying'}]"
05/05/2020,Dinner,718.5,19.2,54.9,18.7,36.2,2.9255999999999998,12.7,Party Dog Appetizers,http://www.food.com/recipe/party-dog-appetizers-132426,0002e15d76,"[{'text': '1 onion, finely chopped'}, {'text': '3 tablespoons oil'}, {'text': '1 cup ketchup'}, {'text': '12 cup water'}, {'text': '12 cup cider vinegar'}, {'text': '2 14 tablespoons sugar'}, {'text': '2 tablespoons Worcestershire sauce'}, {'text': '2 tablespoons honey'}, {'text': '2 teaspoons mustard powder'}, {'text': '2 teaspoons paprika'}, {'text': '1 teaspoon salt'}, {'text': 'pepper'}, {'text': '18 teaspoon hot pepper sauce (can use more if desired)'}, {'text': '1 lemon, sliced (unpeeled)'}, {'text': '3 12 lbs mini smoked link sausage or 3 12 lbs hot dogs'}]"
05/06/2020,Breakfast,417.4,63.3,19.4,10.4,6.7,0.0076,40.5,Breakfast Fruit and Nuts Salad,http://www.food.com/recipe/breakfast-fruit-and-nuts-salad-83874,0038b35140,"[{'text': '2 oranges'}, {'text': '1 banana'}, {'text': '6 walnut halves'}, {'text': '2 tablespoons dried grounded coconut'}]"
05/06/2020,Lunch,326.1,50.5,10.7,3.7,10.6,0.9935,22.2,Crock Pot Sausage and Beans,http://www.food.com/recipe/crock-pot-sausage-and-beans-47374,001f06e5bb,"[{'text': '1 lb sausage'}, {'text': '4 (15 ounce) cans pork and beans'}, {'text': '1 cup brown sugar'}, {'text': '13 cup molasses'}, {'text': '2 tablespoons dried onion'}, {'text': '2 teaspoons prepared mustard'}, {'text': '1 cup catsup'}]"
05/06/2020,Dinner,476.6,44.5,29.2,6.0,19.2,2.2794,29.9,Peanut Sauce (for dippin' or smearin'),http://www.food.com/recipe/peanut-sauce-for-dippin-or-smearin-28390,00503699a2,"[{'text': '14 cup rice wine vinegar'}, {'text': '13 cup peanut butter'}, {'text': '14 cup lime juice'}, {'text': '3 tablespoons soy sauce'}, {'text': '2 tablespoons honey'}, {'text': '14 cup chopped cilantro'}, {'text': '1 tablespoon grated ginger'}, {'text': '3 cloves garlic, smashed'}, {'text': '12 teaspoon dried hot pepper flakes'}]"
05/07/2020,Breakfast,600.9,94.0,21.6,13.1,9.1,0.5896,43.6,Simply Sinful Cinnamon Rolls,http://www.food.com/recipe/simply-sinful-cinnamon-rolls-106825,0033c0be56,"[{'text': '1 14 cups milk'}, {'text': '12 cup sugar'}, {'text': '2 packages dry yeast'}, {'text': '12 cup water (110-115 degrees)'}, {'text': '1 teaspoon sugar'}, {'text': '6 cups flour, half all-purpose and half bread flour'}, {'text': '2 eggs'}, {'text': '12 cup butter, room temperature'}, {'text': '2 teaspoons salt'}, {'text': '34 cup sugar'}, {'text': '1 14 cups brown sugar'}, {'text': '5 teaspoons ground cinnamon'}, {'text': '34 cup butter'}]"
05/07/2020,Lunch,74.4,1.0,6.5,2.2,2.8,0.2081,0.2,Egg Rolls,http://www.food.com/recipe/egg-rolls-11780,00497bba53,"[{'text': '1 lb sausage'}, {'text': '1 can Chinese vegetables'}, {'text': '1 package egg roll wrap'}, {'text': '2 cups shredded cabbage'}, {'text': 'ginger'}, {'text': 'salt and pepper'}, {'text': 'garlic'}]"
05/07/2020,Dinner,312.6,17.4,13.3,4.3,22.9,2.9036,11.4,Best Ever Skirt Steak and Bacon Wrapped Chicken Kabobs,http://www.food.com/recipe/best-ever-skirt-steak-and-bacon-wrapped-chicken-kabobs-167880,007dad458c,"[{'text': '1 large skirt steak'}, {'text': '4 boneless skinless chicken cutlets'}, {'text': '1 12 cups teriyaki sauce (I recommend SoyVay with sesame seeds)'}, {'text': '3 tablespoons sesame seeds (if needed)'}, {'text': '1 cup white vermouth (sherry may work too)'}, {'text': '5 tablespoons garlic, chopped'}, {'text': '1 onion, diced'}, {'text': '8 slices bacon (or whatever you need to wrap chicken)'}, {'text': 'lemon juice'}]"
05/08/2020,Breakfast,335.1,25.8,23.6,6.5,8.5,0.36260000000000003,17.2,Pressed Elvis - Rachael Ray,http://www.food.com/recipe/pressed-elvis-rachael-ray-321336,00444d6dad,"[{'text': '6 slices bacon'}, {'text': '4 (4 1/2 inch) round plain kaiser rolls or 4 (4 1/2 inch) brioche rolls'}, {'text': '2 bananas'}, {'text': '14 cup chunky peanut butter'}, {'text': '2 tablespoons honey'}]"
05/08/2020,Lunch,810.4,153.3,23.6,4.8,3.0,1.1957,117.2,The Clockmaker's Caramel Coated Popcorn (A Haunted Recipe),http://www.food.com/recipe/the-clockmakers-caramel-coated-popcorn-a-haunted-recipe-181870,005d6c1263,"[{'text': '1 cup margarine'}, {'text': '2 cups brown sugar'}, {'text': '12 cup Karo syrup'}, {'text': '1 teaspoon salt'}, {'text': '1 teaspoon baking soda'}, {'text': '1 teaspoon vanilla'}, {'text': '10 -15 cups popped popcorn'}]"
05/08/2020,Dinner,64.4,6.7,2.7,1.0,3.3,0.10690000000000001,4.1,Cranberry Meatballs,http://www.food.com/recipe/cranberry-meatballs-13785,00361a0c32,"[{'text': '34 lb lean ground beef'}, {'text': '34 lb ground lean pork'}, {'text': '1 large egg'}, {'text': '1 teaspoon butter'}, {'text': '1 cup Progresso Italian-style fine bread crumbs'}, {'text': '14 cup minced parsley'}, {'text': '14 cup minced onion'}, {'text': '18 cup ketchup'}, {'text': '1 teaspoon Worcestershire sauce'}, {'text': '1 teaspoon prepared horseradish'}, {'text': '1 clove garlic, minced'}, {'text': '1 (16 ounce) can cranberry sauce'}, {'text': '1 (12 ounce) bottle Heinz Chili Sauce'}, {'text': '2 teaspoons brown sugar'}]"
05/09/2020,Breakfast,774.2,114.7,31.5,5.4,10.1,0.4619,47.0,Gingerbread Waffles,http://www.food.com/recipe/gingerbread-waffles-219935,005f5336e6,"[{'text': '2 cups all-purpose flour'}, {'text': '12 teaspoon salt'}, {'text': '1 teaspoon baking powder'}, {'text': '1 teaspoon ground ginger'}, {'text': '1 teaspoon cinnamon'}, {'text': '14 teaspoon ground cloves'}, {'text': '1 cup molasses, warmed slightly (aids mixing)'}, {'text': '1 cup milk'}, {'text': '1 egg, beaten'}, {'text': '12 cup vegetable oil'}, {'text': 'sweetened whipped cream, for serving'}, {'text': 'lemon curd, for serving'}, {'text': 'maple syrup, for serving'}]"
05/09/2020,Lunch,734.4,85.6,45.4,27.8,6.8,0.0523,59.0,Wonderful and Good For Health Fruit Salad,http://www.food.com/recipe/wonderful-and-good-for-health-fruit-salad-82354,000535f6ea,"[{'text': '12 chopped sweet melon'}, {'text': '2 sliced bananas'}, {'text': '2 chopped guavas'}, {'text': '1 bunch grapes'}, {'text': '1 diced apple'}, {'text': '2 tablespoons orange juice'}, {'text': '1 cup shelled pomegranate'}, {'text': '1 cup fresh cream'}, {'text': '12 teaspoon black pepper'}, {'text': '1 teaspoon sugar'}, {'text': 'few fresh mint leaves, for garnishing'}]"
05/09/2020,Dinner,539.5,11.5,34.3,18.4,46.3,0.6254,1.2,Chicken Florentine,http://www.food.com/recipe/chicken-florentine-482491,0041feb1ca,"[{'text': '2 (10 ounce) packages frozen chopped spinach'}, {'text': '14 cup butter'}, {'text': '1 garlic clove, crushed and minced'}, {'text': '18 teaspoon dried basil'}, {'text': '18 teaspoon ground thyme'}, {'text': '14 cup all-purpose flour'}, {'text': '13 cup light cream or 13 cup half-and-half'}, {'text': '5 cups cooked chicken, sliced'}, {'text': '34 cup light cream or 34 cup half-and-half'}, {'text': '34 cup chicken broth'}, {'text': '1 cup parmesan cheese, grated'}, {'text': '1 cup swiss cheese, shredded (Emmental type preferred)'}, {'text': 'salt and pepper, to taste'}, {'text': '6 slices ham, sliced thinly'}]"
05/10/2020,Breakfast,585.4,67.4,30.5,4.1,18.0,0.5025,19.3,Whole Wheat Waffles,http://www.food.com/recipe/whole-wheat-waffles-443325,0004c091a0,"[{'text': '1 12 cups whole wheat flour'}, {'text': '3 teaspoons baking powder'}, {'text': '14 cup extra virgin olive oil'}, {'text': '2 eggs'}, {'text': '1 cup skim milk'}, {'text': '14 teaspoon salt'}, {'text': '14 teaspoon cinnamon'}, {'text': '14 teaspoon nutmeg'}, {'text': '14 teaspoon ground cloves'}, {'text': '14 teaspoon ginger'}, {'text': '14 teaspoon vanilla'}, {'text': '34 cup flax seed'}, {'text': '3 tablespoons honey'}, {'text': '1 12 cups blueberries (or any fruit desired)'}]"
05/10/2020,Lunch,531.6,25.0,33.6,13.5,32.4,1.1349,22.8,Barbecue Shredded Beef,http://www.food.com/recipe/barbecue-shredded-beef-158859,006dc57e29,"[{'text': '1 (3 lb) boneless chuck roast'}, {'text': '1 teaspoon salt'}, {'text': '12 teaspoon black pepper'}, {'text': '14 cup firmly packed brown sugar, divided'}, {'text': '2 cups water'}, {'text': '2 cups ketchup'}, {'text': '34 cup cola drink'}, {'text': '14 cup liquid smoke'}, {'text': '2 tablespoons white vinegar'}, {'text': '2 tablespoons Worcestershire sauce'}, {'text': '1 tablespoon prepared mustard'}, {'text': '12 teaspoon hot sauce'}, {'text': 'hamburger bun'}]"
05/10/2020,Dinner,765.9,50.5,63.3,9.5,3.8,1.3894000000000002,14.7,Lemon and Roasted Garlic Mayo,http://www.food.com/recipe/lemon-and-roasted-garlic-mayo-330045,0044bff0b8,"[{'text': '1 cup egg mayonnaise'}, {'text': '14 cup buttermilk'}, {'text': '1 tablespoon lemon juice'}, {'text': '1 tablespoon roasted garlic paste'}, {'text': '14 preserved lemons, rinsed, flesh discarded, chopped fine or 14 zest of half a lemon'}]"
05/11/2020,Breakfast,233.3,18.2,12.3,5.0,12.1,0.9163,1.3,Almost Companion Bread's Baked Eggs,http://www.food.com/recipe/almost-companion-breads-baked-eggs-401741,001b65f018,"[{'text': '2 medium red potatoes, chopped'}, {'text': '1 tablespoon light olive oil'}, {'text': '1 teaspoon rosemary, dried'}, {'text': '1 tablespoon butter'}, {'text': '1 tablespoon flour'}, {'text': '1 cup skim milk'}, {'text': '4 large eggs'}, {'text': '12 cup fresh mozzarella cheese (diced or shredded)'}, {'text': '14 cup ricotta cheese (optional)'}, {'text': '2 tablespoons parmesan cheese, shredded'}, {'text': ""1 teaspoon Dijon mustard (I use Durkee's)""}, {'text': '2 teaspoons kosher salt (divided)'}, {'text': 'black pepper (freshly cracked)'}, {'text': 'cooking spray'}]"
05/11/2020,Lunch,922.3,232.6,0.4,0.1,0.3,0.019899999999999998,229.0,Watermelon Rind Pickles (Crisp Version),http://www.food.com/recipe/watermelon-rind-pickles-crisp-version-39918,007e76ce6b,"[{'text': '4 quarts prepared watermelon rind'}, {'text': '3 tablespoons pickling lime'}, {'text': '2 quarts cold water'}, {'text': '2 tablespoons whole cloves'}, {'text': '3 cinnamon sticks'}, {'text': '2 pieces gingerroot'}, {'text': '1 lemon, thinly sliced'}, {'text': '8 cups sugar'}, {'text': '1 quart white vinegar'}, {'text': '1 quart water'}]"
05/11/2020,Dinner,543.9,4.9,42.6,21.9,34.7,1.7406,3.9,Quick & Easy Crab Dip,http://www.food.com/recipe/quick-easy-crab-dip-449205,00019675ca,"[{'text': '1 (16 ounce) can crabmeat'}, {'text': '1 (8 ounce) container sour cream'}, {'text': '1 (8 ounce) container whipped cream cheese'}, {'text': '14 cup shredded cheese (any variety, I used a 4 cheese Mexican blend)'}, {'text': '1 (3 ounce) package bacon bits (real bacon, NOT imitation)'}, {'text': '14-12 teaspoon chopped cilantro (dried or fresh)'}, {'text': ""cajun seasoning (I use Tony Chachere's)""}, {'text': 'garlic powder'}, {'text': 'onion powder'}, {'text': 'pepper'}, {'text': 'salt'}]"
05/12/2020,Breakfast,480.2,91.2,10.9,1.6,10.5,0.5588,57.6,Pumpkin Apple Seed Loaf,http://www.food.com/recipe/pumpkin-apple-seed-loaf-334861,003ffacc9d,"[{'text': '3 cups whole wheat flour'}, {'text': '3 cups brown sugar'}, {'text': '2 teaspoons baking soda'}, {'text': '2 teaspoons cinnamon'}, {'text': '1 12 teaspoons salt'}, {'text': '2 cups pumpkin puree'}, {'text': '4 eggs'}, {'text': '1 cup applesauce'}, {'text': '12 cup apple juice'}, {'text': '3 small apples, peeled cored and diced'}, {'text': '1 cup flax seed'}, {'text': '12 cup pumpkin seeds'}]"
05/12/2020,Lunch,183.6,32.2,4.9,2.9,5.5,0.0616,17.0,Blueberry Orange Banana Smoothie,http://www.food.com/recipe/blueberry-orange-banana-smoothie-215917,005c8e4379,"[{'text': '12 cup blueberries (add more if you like)'}, {'text': '1 banana, sliced'}, {'text': '1 orange, peeled and cut up'}, {'text': '1 cup milk'}, {'text': '14 teaspoon vanilla extract'}, {'text': '4 ice cubes'}]"
05/12/2020,Dinner,169.2,16.9,6.9,4.1,11.9,0.5404,4.1,Spinach & Lentil Lasagna,http://www.food.com/recipe/spinach-lentil-lasagna-69470,001e55da56,"[{'text': '1 bunch spinach'}, {'text': '12 whole wheat lasagna noodles'}, {'text': '1 (19 ounce) can tomato sauce'}, {'text': '16 ounces goat cheese curds'}, {'text': '2 cups cooked lentils (or 1 large tin)'}, {'text': '2 teaspoons basil'}, {'text': '2 teaspoons oregano'}, {'text': '1 cup grated old cheddar cheese'}, {'text': '14 cup grated parmesan cheese'}]"
05/13/2020,Breakfast,227.1,30.6,9.4,5.9,6.3,0.48810000000000003,1.7,Fried Potato Cake,http://www.food.com/recipe/fried-potato-cake-423128,002d900428,"[{'text': '3 medium potatoes (1 lb)'}, {'text': '14 cup onion, finely chopped'}, {'text': '2 garlic cloves, minced'}, {'text': '12 teaspoon salt'}, {'text': '18 teaspoon pepper'}, {'text': '2 tablespoons butter'}, {'text': '12 cup cheese, shredded (The recipe calls for gruyere or emmentaler or swiss cheese, shredded, but I know the other two are h)'}]"
05/13/2020,Lunch,909.1,81.6,43.6,11.2,48.1,1.3607,23.6,BBq Steak Sandwiches With a Rainbow of Peppers,http://www.food.com/recipe/bbq-steak-sandwiches-with-a-rainbow-of-peppers-495334,001537b578,"[{'text': '1 12 lbs round steaks, cut into 2 inch cubes'}, {'text': '34 cup ketchup'}, {'text': '14 cup barbecue sauce'}, {'text': '1 green pepper, quartered, seeded, and diced'}, {'text': '1 tablespoon oregano'}, {'text': '1 teaspoon celery seed, toasted'}, {'text': '14 cup Pepsi, regular'}, {'text': '1 red pepper, quartered, seeded, and diced'}, {'text': '4 (6 inch) French baguettes, split, and toasted'}, {'text': '4 tablespoons honey mustard'}, {'text': '2 tablespoons apple juice'}, {'text': '14 teaspoon black pepper'}, {'text': '12 teaspoon red pepper flakes'}, {'text': '6 tablespoons olive oil, divided'}]"
05/13/2020,Dinner,657.1,43.2,41.5,11.0,24.0,0.4155,2.7,Chicken and Mushroom Pie,http://www.food.com/recipe/chicken-and-mushroom-pie-379197,000edd2c6e,"[{'text': '1 tablespoon olive oil'}, {'text': '1 onion, chopped'}, {'text': '1 garlic clove, crushed and chopped'}, {'text': '350 g chicken breast fillets, chopped'}, {'text': '3 pieces bacon (rashers)'}, {'text': '2 cups mushrooms, chopped'}, {'text': '12 cup white wine'}, {'text': '1 cup chicken stock'}, {'text': '2 tablespoons parsley, chopped'}, {'text': '1 tablespoon cornflour'}, {'text': '2 tablespoons water'}, {'text': 'fresh ground black pepper'}, {'text': '1 teaspoon butter (melted or cooking spray for the pie plate)'}, {'text': '2 sheets puff pastry'}, {'text': '1 egg'}, {'text': '2 tablespoons milk'}]"
05/14/2020,Breakfast,191.0,2.6,19.6,8.6,1.9,0.3112,0.3,Crispy Potato Pancakes (Using Frozen Hash Browns),http://www.food.com/recipe/crispy-potato-pancakes-using-frozen-hash-browns-239685,0059861cb6,"[{'text': '2 tablespoons vegetable oil'}, {'text': '5 frozen shredded hash brown patties'}, {'text': '4 tablespoons unsalted butter'}, {'text': '1 large egg'}, {'text': '2 scallions, chopped fine'}, {'text': '1 tablespoon cornstarch'}, {'text': '12 teaspoon salt'}, {'text': '12 teaspoon pepper'}]"
05/14/2020,Lunch,447.8,62.6,20.7,7.9,4.8,0.30269999999999997,31.4,The Cavorting Chef's Fabulous Fruit Pizza,http://www.food.com/recipe/the-cavorting-chefs-fabulous-fruit-pizza-176008,0074003424,"[{'text': '1 (18 ounce) package refrigerated sugar cookie dough (Like Pillsbury)'}, {'text': '1 (8 ounce) package cream cheese, softened'}, {'text': '7 ounces marshmallow creme (or marshmallow fluff)'}, {'text': '14 cup peach jam (or strawberry, or raspberry)'}, {'text': '12 cup green grape, sliced'}, {'text': '12 cup mango, diced'}, {'text': '12 cup blueberries'}, {'text': '1 large banana, sliced (sliced into 1/8 inch slices)'}, {'text': '12 cup orange juice (or lemon juice, this will be used to keep banana from browning)'}, {'text': '1 cup strawberry, sliced'}, {'text': '14 cup pecans, chopped, toasted'}, {'text': '14 cup coconut, toasted (optional)'}]"
05/14/2020,Dinner,1153.5,70.8,76.0,36.7,42.2,1.8660999999999999,2.0,The British Bulldog! Traditional Layered Beef Steak Suet Pudding,http://www.food.com/recipe/the-british-bulldog-traditional-layered-beef-steak-suet-pudding-300631,0011572c6e,"[{'text': '12 ounces self-rising flour'}, {'text': '6 ounces grated beef suet or 6 ounces vegetable suet'}, {'text': '12 teaspoon salt'}, {'text': 'cold water, to mix'}, {'text': '1 12 lbs braising steak, trimmed of fat'}, {'text': '2 tablespoons flour'}, {'text': '1 tablespoon tomato puree'}, {'text': '1 large onion, peeled and chopped'}, {'text': '12 teaspoon dried herbs or 1 tablespoon chopped fresh mixed herbs'}, {'text': '1 pint beef stock'}, {'text': 'salt'}, {'text': 'pepper'}]"
05/15/2020,Breakfast,456.9,44.9,24.6,7.1,14.0,0.8227000000000001,3.8,Breakfast Potstickers With Avocado and Goat Cheese,http://www.food.com/recipe/breakfast-potstickers-with-avocado-and-goat-cheese-475809,004d0ada13,"[{'text': '1 cup Simply Potatoes Shredded Hash Browns'}, {'text': '12 lb bacon, Cooked and Chopped'}, {'text': '1 avocado, Diced'}, {'text': '12 cup crumbled goat cheese'}, {'text': '12 cup fresh spinach'}, {'text': '2 eggs'}, {'text': '1 red bell pepper'}, {'text': '12 white onion'}, {'text': '48 wonton wrappers'}, {'text': 'vegetable oil (for frying)'}, {'text': '14 cup ketchup'}, {'text': '1 cup boiling water (for steaming)'}, {'text': 'sea salt and black pepper for seasoning'}]"
05/15/2020,Lunch,384.8,26.5,17.9,4.0,28.2,0.9081,4.4,Asian-Style Turkey Burgers,http://www.food.com/recipe/asian-style-turkey-burgers-406730,0010013190,"[{'text': '1 lb turkey, ground'}, {'text': '13 cup onion, chopped fine'}, {'text': '3 tablespoons Italian parsley, fresh, chopped'}, {'text': '2 tablespoons Worcestershire sauce'}, {'text': '2 tablespoons green peppers, diced'}, {'text': '1 tablespoon soy sauce, Low Sodium'}, {'text': '1 tablespoon water, cold'}, {'text': '2 teaspoons ginger, fresh, peeled and grated (or 1 tsp powdered)'}, {'text': '12 teaspoon salt'}, {'text': '12 teaspoon pepper'}, {'text': '3 garlic cloves, minced'}, {'text': '2 tablespoons oil, for frying'}, {'text': '4 sandwich buns, Multi-Grain Thins, 100 calorie each, by Arnold Bread'}]"
05/15/2020,Dinner,570.0,39.3,30.2,2.4,37.2,1.4487999999999999,5.0,Gumbo Crecent City Seafood Gumbo,http://www.food.com/recipe/gumbo-crecent-city-seafood-gumbo-469613,0049bb84db,"[{'text': 'shells tails and onion skins 2 lbs shrimp'}, {'text': '12 cup chopped onion'}, {'text': '14 cup chopped celery'}, {'text': '2 garlic cloves, cracked'}, {'text': '1 lemon, sliced'}, {'text': '2 bay leaves'}, {'text': '3 sprigs fresh thyme'}, {'text': '1 teaspoon black peppercorns'}, {'text': '10 cups water'}, {'text': '2 lbs shrimp, peeled and de-veined'}, {'text': '12 yellow onion, chopped'}, {'text': '1 lb okra, cut into 1/4 inch slices'}, {'text': '12 cup canola oil, plus 2 tablespoons'}, {'text': '34 cup all-purpose flour'}, {'text': '1 stalk celery, chopped'}, {'text': '12 green bell pepper, chopped'}, {'text': '0.5 (8 ounce) can crushed tomatoes'}, {'text': '2 tablespoons Worcestershire sauce'}, {'text': '1 tablespoon chopped fresh thyme leave'}, {'text': '1 bay leaf'}, {'text': '8 cups shrimp stock'}, {'text': '1 garlic clove'}, {'text': 'kosher salt'}, {'text': 'fresh ground black pepper'}, {'text': 'Tabasco sauce'}, {'text': '13 cup chopped green onion'}]"
05/16/2020,Breakfast,407.0,13.3,35.1,20.5,10.8,0.26780000000000004,8.2,Apple Cinnamon French Toast Strata,http://www.food.com/recipe/apple-cinnamon-french-toast-strata-273939,0001960f61,"[{'text': '1 loaf cinnamon-swirl bread, cubed (with raisin if you like them)'}, {'text': '1 (8 ounce) package cream cheese, cubed'}, {'text': '1 cup diced apple'}, {'text': '8 eggs'}, {'text': '2 12 cups half-and-half or 2 12 cups light cream'}, {'text': '8 tablespoons melted butter'}, {'text': '14 cup maple syrup'}]"
05/16/2020,Lunch,387.4,8.2,14.8,8.1,53.2,0.8392000000000001,6.4,Pretzel Crusted Chicken Tenders,http://www.food.com/recipe/pretzel-crusted-chicken-tenders-292232,000db4faa2,"[{'text': '12 cup fat-free buttermilk'}, {'text': '2 tablespoons Dijon mustard'}, {'text': '2 tablespoons rice vinegar'}, {'text': '1 tablespoon orange marmalade'}, {'text': '12 teaspoon kosher salt'}, {'text': '12 teaspoon pepper'}, {'text': '1 lb boneless skinless chicken tenders (or boneless, skinless chicken breasts, cut into 3-inch strips)'}, {'text': '3 cups pretzel sticks'}, {'text': '2 tablespoons melted butter'}, {'text': 'mustard (optional)'}]"
05/16/2020,Dinner,206.1,16.9,14.5,1.5,5.8,0.6738999999999999,11.9,Chilled Asparagus With Pecans,http://www.food.com/recipe/chilled-asparagus-with-pecans-469715,00210897d8,"[{'text': '2 lbs fresh asparagus'}, {'text': '14 cup sugar (or sugar substitute if desired)'}, {'text': '14 cup apple cider vinegar'}, {'text': '14 cup soy sauce'}, {'text': '2 tablespoons vegetable oil'}, {'text': '34 cup pecans, toasted and finely chopped'}, {'text': 'fresh ground pepper'}]"
05/17/2020,Breakfast,237.6,31.0,9.7,4.0,7.4,0.5534,3.8,Sweet Cheese Quesadillas,http://www.food.com/recipe/sweet-cheese-quesadillas-407906,00199bdf81,"[{'text': '4 tablespoons low-fat cream cheese'}, {'text': '10 strawberries, thinly sliced'}, {'text': '2 whole wheat tortillas'}, {'text': '1 dash ground cinnamon'}, {'text': '1 pinch sugar'}]"
05/17/2020,Lunch,426.1,29.4,26.4,10.1,19.4,1.0792,7.0,Mozzarella Soup With Vegetables and Olives,http://www.food.com/recipe/mozzarella-soup-with-vegetables-and-olives-119883,006a76e07a,"[{'text': '3 tablespoons extra virgin olive oil'}, {'text': '1 large red onion, peeled and very coarsely chopped'}, {'text': '8 ounces peeled baby-cut fresh carrots, very coarsely chopped'}, {'text': '2 small celery ribs, very coarsely chopped'}, {'text': '1 large baking potato, peeled and diced (about 12 ounces)'}, {'text': '1 large garlic clove, minced'}, {'text': '1 whole bay leaf'}, {'text': '1 sprig fresh rosemary (3 inches) or 12 teaspoon dried rosemary, crumbled'}, {'text': '14 12 ounces canned chicken broth'}, {'text': '12 ounces canned evaporated milk (use skim, if you like)'}, {'text': '12 cup fresh whole milk'}, {'text': '12 teaspoon hot red pepper sauce'}, {'text': '4 ounces finely shredded mozzarella cheese'}, {'text': '13 cup sliced pitted ripe olives'}, {'text': 'salt & freshly ground black pepper'}]"
05/17/2020,Dinner,611.6,19.4,41.6,23.1,39.8,1.0258,3.4,Tony's Crabmeat Au Gratin,http://www.food.com/recipe/tonys-crabmeat-au-gratin-215652,0019cc6ffa,"[{'text': '12 cup green onion, chopped'}, {'text': '2 tablespoons celery, chopped'}, {'text': '12 cup mushroom, chopped'}, {'text': '3 tablespoons butter'}, {'text': '1 cup white sauce (see below)'}, {'text': '1 lb lump crabmeat'}, {'text': 'hot sauce, to taste'}, {'text': 'salt, to taste'}, {'text': '18 teaspoon black and red pepper blend'}, {'text': '1 cup cheddar cheese, grated'}, {'text': '14 cup butter'}, {'text': '14 cup flour'}, {'text': '1 34 cups milk, scalded'}, {'text': 'salt and pepper'}]"
05/18/2020,Breakfast,240.9,0.0,27.2,3.5,0.0,0.0,0.0,Breakfast Fried Cornbread,http://www.food.com/recipe/breakfast-fried-cornbread-423164,00664bd56e,"[{'text': '4 -5 pieces of leftover cake like cornbread'}, {'text': '12-1 cup vegetable oil, melted lard or 12-1 cup olive oil'}, {'text': 'maple syrup'}]"
05/18/2020,Lunch,489.4,72.2,12.5,5.3,22.5,1.2234,2.7,Classic Bean Burritos,http://www.food.com/recipe/classic-bean-burritos-259525,007e163dbd,"[{'text': '8 flour tortillas'}, {'text': '4 cups refried beans'}, {'text': '12 cup grated cheddar cheese'}, {'text': '12 cup minced onion'}, {'text': 'minced jalapenos or other fresh chili pepper'}, {'text': 'sour cream (optional)'}, {'text': 'minced scallions (optional) or snipped fresh chives (optional)'}]"
05/18/2020,Dinner,69.4,0.0,0.0,0.0,0.0,0.0003,0.0,Lunartini,http://www.food.com/recipe/lunartini-398763,002079d702,"[{'text': '1 ounce green moon absinthe superior anise flavored vodka'}, {'text': '12 ounce apple Schnapps (I used Pucker Sour Apple)'}, {'text': '12 ounce cinnamon schnapps (I used goldschlager)'}]"
05/19/2020,Breakfast,254.8,30.6,7.7,2.1,14.8,0.394,3.9,Cottage Cheese and Yogurt Pancakes,http://www.food.com/recipe/cottage-cheese-and-yogurt-pancakes-88652,001d313ab2,"[{'text': '1 cup all-purpose flour'}, {'text': '1 teaspoon baking powder'}, {'text': '14 teaspoon baking soda'}, {'text': '2 eggs'}, {'text': '34 cup low fat cottage cheese'}, {'text': '12 cup plain low-fat yogurt'}, {'text': '34 cup skim milk'}, {'text': '1 tablespoon vegetable oil'}]"
05/19/2020,Lunch,271.1,19.3,13.8,5.5,18.2,1.1969,17.9,Honey & Lemon Beef Jerky,http://www.food.com/recipe/honey-lemon-beef-jerky-91026,002e6ad499,"[{'text': '1 12 lbs very lean sirloin beef, sliced 1/4 inch thick (the type packaged as ""fajita beef"" or ""stir-fry beef"")'}, {'text': '1 clove garlic, minced'}, {'text': '12 cup honey'}, {'text': '12 cup soy sauce or 12 cup tamari soy sauce'}, {'text': '4 tablespoons lemon juice'}, {'text': '12 teaspoon black pepper'}, {'text': '12 teaspoon salt'}]"
05/19/2020,Dinner,341.8,59.6,11.8,7.1,3.0,0.4062,0.0,Deep Dish Apple Pie Upside Down Cake,http://www.food.com/recipe/deep-dish-apple-pie-upside-down-cake-209341,0061cce276,"[{'text': '1 deep-dish baked apple pie (your own homemade OR store bought)'}, {'text': '1 purchased butter pound cake'}, {'text': '1 12 cups caramel sauce'}, {'text': '3 tablespoons butter'}, {'text': '2 cups prepared whipped cream (optional)'}, {'text': 'green apple, slices (to garnish) (optional)'}]"
05/20/2020,Breakfast,721.5,16.1,52.4,22.3,44.7,1.7239,1.1,Mexican Chorizo & Egg Scramble,http://www.food.com/recipe/mexican-chorizo-egg-scramble-298303,001f5c9f86,"[{'text': '12 eggs, beaten with whisk'}, {'text': '16 ounces chorizo sausage'}, {'text': '10 ounces Rotel tomatoes & chilies, drain liquid'}, {'text': '8 ounces cheddar cheese, shredded'}, {'text': '16 ounces refried beans'}, {'text': 'sour cream'}, {'text': 'black olives'}, {'text': 'salsa'}, {'text': 'taco sauce'}]"
05/20/2020,Lunch,148.5,23.0,3.5,1.3,5.9,0.6133,4.5,Individual Mini-Meat Loaves,http://www.food.com/recipe/individual-mini-meat-loaves-15157,006b193ac7,"[{'text': '2 lbs meatloaf mixture (ground pork, beef and veal)'}, {'text': '1 cup breadcrumbs (3 slices bread in food processor)'}, {'text': '1 cup whole milk'}, {'text': '1 egg, beaten'}, {'text': '1 medium onion, minced'}, {'text': '1 teaspoon salt'}, {'text': '18 teaspoon pepper'}, {'text': '3 slices bread, torn in halves'}, {'text': 'tomato sauce (optional) or shredded cheese (optional)'}]"
05/20/2020,Dinner,176.8,7.2,14.0,6.4,6.5,0.3916,2.4,Cheese-Stuffed Zucchini,http://www.food.com/recipe/cheese-stuffed-zucchini-180829,000aad6905,"[{'text': '2 medium zucchini'}, {'text': '14 cup minced onion'}, {'text': '1 tablespoon butter or 1 tablespoon margarine, melted'}, {'text': '2 tablespoons grated parmesan cheese'}, {'text': '2 tablespoons Italian seasoned breadcrumbs'}, {'text': '14 teaspoon pepper'}, {'text': '18 teaspoon salt'}, {'text': '3 slices bacon, cooked and crumbled'}, {'text': '14 cup shredded cheddar cheese (1 ounce)'}]"
05/21/2020,Breakfast,348.9,7.3,24.3,11.2,24.3,0.2906,1.8,Egg Scramble,http://www.food.com/recipe/egg-scramble-278501,0079c384dd,"[{'text': '1 12 cups potatoes, diced & peeled'}, {'text': '12 cup sweet red pepper, chopped'}, {'text': '12 cup onion, chopped'}, {'text': '2 teaspoons vegetable oil, divided'}, {'text': '2 cups cooked ham, cubed'}, {'text': '16 eggs'}, {'text': '23 cup sour cream'}, {'text': '12 cup milk'}, {'text': '1 teaspoon onion salt'}, {'text': '12 teaspoon garlic salt'}, {'text': '14 teaspoon pepper'}, {'text': '2 cups cheddar cheese, shredded and divided'}]"
05/21/2020,Lunch,766.6,4.1,66.5,32.3,35.4,0.2248,1.3,Lamb Chops au Gratin,http://www.food.com/recipe/lamb-chops-au-gratin-18767,001310c451,"[{'text': '8 lamb loin chops'}, {'text': '12 ounce butter'}, {'text': '1 onion, sliced'}, {'text': '4 tablespoons beer'}, {'text': '14 teaspoon dried mixed herbs'}, {'text': '3 fluid ounces double cream'}, {'text': '2 ounces sharp cheddar cheese, shredded and mixed with 2 tsp. snipped chives'}]"
05/21/2020,Dinner,30.3,0.7,2.2,0.3,1.9,0.046200000000000005,0.1,Spanish Mussels Vinaigrette (Mejillones a La Vinagreta),http://www.food.com/recipe/spanish-mussels-vinaigrette-mejillones-a-la-vinagreta-236006,000e2cfbea,"[{'text': '30 mussels, scrubbed and beards removed'}, {'text': 'shredded lettuce'}, {'text': '2 tablespoons green onions, minced'}, {'text': '2 tablespoons green peppers, minced'}, {'text': '2 tablespoons red peppers, minced'}, {'text': '1 tablespoon parsley, chopped'}, {'text': '4 tablespoons olive oil'}, {'text': '2 tablespoons vinegar'}, {'text': '1 dash red pepper sauce'}, {'text': 'salt'}]"
05/22/2020,Breakfast,121.5,23.1,2.1,0.9,3.3,0.1856,5.9,Day 1 Eggless French Toast,http://www.food.com/recipe/day-1-eggless-french-toast-261281,00347f6e21,"[{'text': '6 slices bread'}, {'text': '2 -3 very ripe bananas'}, {'text': '34 cup milk'}, {'text': '14 teaspoon nutmeg'}, {'text': 'butter'}]"
05/22/2020,Lunch,336.4,32.5,11.7,5.1,24.6,0.3425,4.6,Tuna Sandwich,http://www.food.com/recipe/tuna-sandwich-343375,0018949bd3,"[{'text': '170 g tuna, flakes (1 Can)'}, {'text': '4 slices white bread'}, {'text': 'lettuce leaf'}, {'text': '1 medium onion'}, {'text': '1 tablespoon butter'}, {'text': '1 chili (optional)'}, {'text': '1 teaspoon parsley'}, {'text': '1 teaspoon lemon juice, freshly squeezed'}, {'text': '2 pinches black pepper, cracked'}, {'text': 'salt'}]"
05/22/2020,Dinner,290.7,5.1,18.9,5.4,23.8,0.1138,0.6,Extra-Crispy Garlic Baked Chicken,http://www.food.com/recipe/extra-crispy-garlic-baked-chicken-331376,0059726a3a,"[{'text': '10 pieces chicken'}, {'text': '1 cup kelloggs corn flake crumbs (or process cornflakes cereal until finely crushed in a processor to measure 1 cup)'}, {'text': '1 tablespoon flour'}, {'text': '1 teaspoon seasoning salt'}, {'text': '12 teaspoon paprika'}, {'text': '1 pinch cayenne pepper (optional)'}, {'text': '3 teaspoons garlic powder (can increase to 4 teaspoons)'}, {'text': '1 teaspoon onion powder'}, {'text': '14 teaspoon white sugar'}]"
05/23/2020,Breakfast,836.0,34.3,71.3,14.9,17.5,0.4752,1.5,Sonoran Enchilada Pancake,http://www.food.com/recipe/sonoran-enchilada-pancake-191064,006403ea34,"[{'text': '1 egg'}, {'text': '3 corn tortillas'}, {'text': '12 cup enchilada sauce'}, {'text': '14 cup oil'}, {'text': '14 cup grated cheddar cheese'}]"
05/23/2020,Lunch,183.4,25.1,7.3,1.0,4.1,0.24130000000000001,0.6,Pita Crisps,http://www.food.com/recipe/pita-crisps-121546,0054438f99,"[{'text': '6 pita bread, slices'}, {'text': '14 cup olive oil, for brushing'}, {'text': 'salt and cracked pepper, to taste'}]"
05/23/2020,Dinner,646.7,5.7,43.2,16.8,53.8,0.6567999999999999,0.3,Swiss Pork Chops With Mustard Sauce,http://www.food.com/recipe/swiss-pork-chops-with-mustard-sauce-455400,0033284318,"[{'text': '6 pork loin chops or 6 rib chops, about 1-inch thick'}, {'text': '2 tablespoons flour'}, {'text': '1 teaspoon salt'}, {'text': '14 teaspoon pepper'}, {'text': '2 tablespoons butter or 2 tablespoons margarine'}, {'text': '14 cup white wine'}, {'text': '1 tablespoon lemon juice'}, {'text': '1 12 tablespoons flour'}, {'text': '1 cup light cream'}, {'text': '2 tablespoons Dijon mustard'}, {'text': '1 dash cayenne pepper'}]"
05/24/2020,Breakfast,189.3,33.8,5.9,0.9,3.5,0.0391,16.5,Popcorn Granola,http://www.food.com/recipe/popcorn-granola-368563,0049c9af7f,"[{'text': '1 cup quick-cooking oats, uncooked'}, {'text': '6 cups popcorn, air-popped'}, {'text': '1 cup golden raisin'}, {'text': '12 cup mixed dried fruit, chopped'}, {'text': '14 cup sunflower seeds'}, {'text': '2 tablespoons margarine'}, {'text': '2 tablespoons light brown sugar, packed'}, {'text': '1 tablespoon honey'}, {'text': '14 teaspoon ground cinnamon'}, {'text': '14 teaspoon ground nutmeg'}]"
05/24/2020,Lunch,39.4,4.2,2.4,0.6,0.8,0.0022,3.1,Cow Pies,http://www.food.com/recipe/cow-pies-26776,00360bbfca,"[{'text': '2 cups milk chocolate chips'}, {'text': '1 tablespoon shortening'}, {'text': '12 cup raisins'}, {'text': '12 cup slivered almonds'}]"
05/24/2020,Dinner,496.6,9.2,35.2,12.2,33.0,0.187,2.5,Chicken Breasts With Herb Stuffing,http://www.food.com/recipe/chicken-breasts-with-herb-stuffing-170090,0060018cc2,"[{'text': '1 tablespoon chopped garlic'}, {'text': '2 cups Baby Spinach'}, {'text': '14 cup chopped fresh parsley'}, {'text': '14 cup chopped fresh chives'}, {'text': '2 tablespoons chopped fresh tarragon'}, {'text': '2 tablespoons fresh breadcrumbs'}, {'text': '1 teaspoon orange zest'}, {'text': '2 tablespoons orange juice'}, {'text': '1 tablespoon Dijon mustard'}, {'text': 'salt & freshly ground black pepper'}, {'text': '3 tablespoons olive oil'}, {'text': '4 boneless chicken breasts, skin on'}, {'text': '14 cup fresh orange juice'}, {'text': '12 teaspoon grated orange zest'}, {'text': '14 cup dry vermouth'}, {'text': '12 cup whipping cream'}]"
